name,price,avaliability, num of ratings, rate
LEGO Speed Champions Sportowy Ford Mustang Dark Horse Zabawka do Zbudowania dla 9-latka Fajna Wyœcigówka dla Fana Motoryzacji i Samochodów Sportowych Prezent dla Ch³opca i Dziewczynki 76920,89.90 z³, Dostêpny ,222,4.8,
LEGO Technic Mercedes-AMG F1 W14 E Performance Pull-Back Model Samochodu Wyœcigowego dla Dzieci Zabawka Konstrukcyjna dla 7-latka Fajny Pomys³ na Prezent na Urodziny dla Ch³opca i Dziewczynki 42165,89.99 z³, Dostêpny ,383,4.8,
flintronic Adapter do wentyla rowerowego 15 szt. adapter do pompki rowerowej adapter wentyla rowerowego DV/SV/AV do sprê¿arki rowerowej do pompki kulowej do pompy powietrza,15.73 z³, Dostêpny ,362,4.6,
Samsung PRO Plus karta microSD + adapter SD 256 GB do mobilnych gier na smartfonach tabletach i konsolach przenoœnych UHS-I U3 Full HD i 4K UHD odczyt 180 MB/s zapis 130 MB/s MB-MD256SA/EU,84.91 z³, Dostêpny ,847,4.7,
Baseus £adowarka USB C 2 porty ³adowarka z USB-C i USB-A 20 W szybka ³adowarka USB zasilacz sieciowy do iPhone 15 14 13 12 11 Pro Max SE XS XR 8 Plus Samsung Galaxy ³adowarka do telefonu,59.00 z³ przy oszczêdnoœci rzêdu 34%, Dostêpny ,3,4,
LEGO Speed Champions Sportowy Ford Mustang Dark Horse Zabawka do Zbudowania dla 9-latka Fajna Wyœcigówka dla Fana Motoryzacji i Samochodów Sportowych Prezent dla Ch³opca i Dziewczynki 76920,89.90 z³, Dostêpny ,224,4.8,
LEGO Technic Mercedes-AMG F1 W14 E Performance Pull-Back Model Samochodu Wyœcigowego dla Dzieci Zabawka Konstrukcyjna dla 7-latka Fajny Pomys³ na Prezent na Urodziny dla Ch³opca i Dziewczynki 42165,89.99 z³, Dostêpny ,385,4.8,
flintronic Adapter do wentyla rowerowego 15 szt. adapter do pompki rowerowej adapter wentyla rowerowego DV/SV/AV do sprê¿arki rowerowej do pompki kulowej do pompy powietrza,15.73 z³, Dostêpny ,362,4.6,
Samsung PRO Plus karta microSD + adapter SD 256 GB do mobilnych gier na smartfonach tabletach i konsolach przenoœnych UHS-I U3 Full HD i 4K UHD odczyt 180 MB/s zapis 130 MB/s MB-MD256SA/EU,84.91 z³, Dostêpny ,851,4.7,
Baseus £adowarka USB C 2 porty ³adowarka z USB-C i USB-A 20 W szybka ³adowarka USB zasilacz sieciowy do iPhone 15 14 13 12 11 Pro Max SE XS XR 8 Plus Samsung Galaxy ³adowarka do telefonu,59.00 z³ przy oszczêdnoœci rzêdu 34%, Dostêpny ,3,4,
LEGO Speed Champions Sportowy Ford Mustang Dark Horse Zabawka do Zbudowania dla 9-latka Fajna Wyœcigówka dla Fana Motoryzacji i Samochodów Sportowych Prezent dla Ch³opca i Dziewczynki 76920,89.90 z³, Dostêpny ,224,4.8,
LEGO Technic Mercedes-AMG F1 W14 E Performance Pull-Back Model Samochodu Wyœcigowego dla Dzieci Zabawka Konstrukcyjna dla 7-latka Fajny Pomys³ na Prezent na Urodziny dla Ch³opca i Dziewczynki 42165,89.99 z³, Dostêpny ,385,4.8,
flintronic Adapter do wentyla rowerowego 15 szt. adapter do pompki rowerowej adapter wentyla rowerowego DV/SV/AV do sprê¿arki rowerowej do pompki kulowej do pompy powietrza,15.73 z³, Dostêpny ,363,4.6,
Samsung PRO Plus karta microSD + adapter SD 256 GB do mobilnych gier na smartfonach tabletach i konsolach przenoœnych UHS-I U3 Full HD i 4K UHD odczyt 180 MB/s zapis 130 MB/s MB-MD256SA/EU,84.91 z³, Dostêpny ,852,4.7,
Baseus £adowarka USB C 2 porty ³adowarka z USB-C i USB-A 20 W szybka ³adowarka USB zasilacz sieciowy do iPhone 15 14 13 12 11 Pro Max SE XS XR 8 Plus Samsung Galaxy ³adowarka do telefonu,59.00 z³ przy oszczêdnoœci rzêdu 34%, Dostêpny ,3,4,
LEGO Speed Champions Sportowy Ford Mustang Dark Horse Zabawka do Zbudowania dla 9-latka Fajna Wyœcigówka dla Fana Motoryzacji i Samochodów Sportowych Prezent dla Ch³opca i Dziewczynki 76920,89.90 z³, Dostêpny ,225,4.8,
LEGO Technic Mercedes-AMG F1 W14 E Performance Pull-Back Model Samochodu Wyœcigowego dla Dzieci Zabawka Konstrukcyjna dla 7-latka Fajny Pomys³ na Prezent na Urodziny dla Ch³opca i Dziewczynki 42165,89.99 z³, Dostêpny ,385,4.8,
flintronic Adapter do wentyla rowerowego 15 szt. adapter do pompki rowerowej adapter wentyla rowerowego DV/SV/AV do sprê¿arki rowerowej do pompki kulowej do pompy powietrza,15.73 z³, Dostêpny ,363,4.6,
Samsung PRO Plus karta microSD + adapter SD 256 GB do mobilnych gier na smartfonach tabletach i konsolach przenoœnych UHS-I U3 Full HD i 4K UHD odczyt 180 MB/s zapis 130 MB/s MB-MD256SA/EU,84.91 z³, Dostêpny ,852,4.7,
Baseus £adowarka USB C 2 porty ³adowarka z USB-C i USB-A 20 W szybka ³adowarka USB zasilacz sieciowy do iPhone 15 14 13 12 11 Pro Max SE XS XR 8 Plus Samsung Galaxy ³adowarka do telefonu,59.00 z³ przy oszczêdnoœci rzêdu 34%, Dostêpny ,3,4,
LEGO Speed Champions Sportowy Ford Mustang Dark Horse Zabawka do Zbudowania dla 9-latka Fajna Wyœcigówka dla Fana Motoryzacji i Samochodów Sportowych Prezent dla Ch³opca i Dziewczynki 76920,89.90 z³, Dostêpny ,225,4.8,
LEGO Technic Mercedes-AMG F1 W14 E Performance Pull-Back Model Samochodu Wyœcigowego dla Dzieci Zabawka Konstrukcyjna dla 7-latka Fajny Pomys³ na Prezent na Urodziny dla Ch³opca i Dziewczynki 42165,89.99 z³, Dostêpny ,385,4.8,
flintronic Adapter do wentyla rowerowego 15 szt. adapter do pompki rowerowej adapter wentyla rowerowego DV/SV/AV do sprê¿arki rowerowej do pompki kulowej do pompy powietrza,15.73 z³, Dostêpny ,363,4.6,
Samsung PRO Plus karta microSD + adapter SD 256 GB do mobilnych gier na smartfonach tabletach i konsolach przenoœnych UHS-I U3 Full HD i 4K UHD odczyt 180 MB/s zapis 130 MB/s MB-MD256SA/EU,84.91 z³, Dostêpny ,852,4.7,
Baseus £adowarka USB C 2 porty ³adowarka z USB-C i USB-A 20 W szybka ³adowarka USB zasilacz sieciowy do iPhone 15 14 13 12 11 Pro Max SE XS XR 8 Plus Samsung Galaxy ³adowarka do telefonu,59.00 z³ przy oszczêdnoœci rzêdu 34%, Dostêpny ,3,4,
LEGO Speed Champions Sportowy Ford Mustang Dark Horse Zabawka do Zbudowania dla 9-latka Fajna Wyœcigówka dla Fana Motoryzacji i Samochodów Sportowych Prezent dla Ch³opca i Dziewczynki 76920,89.90 z³, Dostêpny ,225,4.8,
LEGO Technic Mercedes-AMG F1 W14 E Performance Pull-Back Model Samochodu Wyœcigowego dla Dzieci Zabawka Konstrukcyjna dla 7-latka Fajny Pomys³ na Prezent na Urodziny dla Ch³opca i Dziewczynki 42165,89.99 z³, Dostêpny ,385,4.8,
flintronic Adapter do wentyla rowerowego 15 szt. adapter do pompki rowerowej adapter wentyla rowerowego DV/SV/AV do sprê¿arki rowerowej do pompki kulowej do pompy powietrza,15.73 z³, Dostêpny ,363,4.6,
Samsung PRO Plus karta microSD + adapter SD 256 GB do mobilnych gier na smartfonach tabletach i konsolach przenoœnych UHS-I U3 Full HD i 4K UHD odczyt 180 MB/s zapis 130 MB/s MB-MD256SA/EU,84.91 z³, Dostêpny ,852,4.7,
Baseus £adowarka USB C 2 porty ³adowarka z USB-C i USB-A 20 W szybka ³adowarka USB zasilacz sieciowy do iPhone 15 14 13 12 11 Pro Max SE XS XR 8 Plus Samsung Galaxy ³adowarka do telefonu,59.00 z³ przy oszczêdnoœci rzêdu 34%, Dostêpny ,3,4,
LEGO Speed Champions Sportowy Ford Mustang Dark Horse Zabawka do Zbudowania dla 9-latka Fajna Wyœcigówka dla Fana Motoryzacji i Samochodów Sportowych Prezent dla Ch³opca i Dziewczynki 76920,89.90 z³, Dostêpny ,225,4.8,
LEGO Technic Mercedes-AMG F1 W14 E Performance Pull-Back Model Samochodu Wyœcigowego dla Dzieci Zabawka Konstrukcyjna dla 7-latka Fajny Pomys³ na Prezent na Urodziny dla Ch³opca i Dziewczynki 42165,89.99 z³, Dostêpny ,385,4.8,
flintronic Adapter do wentyla rowerowego 15 szt. adapter do pompki rowerowej adapter wentyla rowerowego DV/SV/AV do sprê¿arki rowerowej do pompki kulowej do pompy powietrza,15.73 z³, Dostêpny ,363,4.6,
Samsung PRO Plus karta microSD + adapter SD 256 GB do mobilnych gier na smartfonach tabletach i konsolach przenoœnych UHS-I U3 Full HD i 4K UHD odczyt 180 MB/s zapis 130 MB/s MB-MD256SA/EU,84.91 z³, Dostêpny ,852,4.7,
Baseus £adowarka USB C 2 porty ³adowarka z USB-C i USB-A 20 W szybka ³adowarka USB zasilacz sieciowy do iPhone 15 14 13 12 11 Pro Max SE XS XR 8 Plus Samsung Galaxy ³adowarka do telefonu,59.00 z³ przy oszczêdnoœci rzêdu 34%, Dostêpny ,3,4,
LEGO Speed Champions Sportowy Ford Mustang Dark Horse Zabawka do Zbudowania dla 9-latka Fajna Wyœcigówka dla Fana Motoryzacji i Samochodów Sportowych Prezent dla Ch³opca i Dziewczynki 76920,89.90 z³, Dostêpny ,225,4.8,
LEGO Technic Mercedes-AMG F1 W14 E Performance Pull-Back Model Samochodu Wyœcigowego dla Dzieci Zabawka Konstrukcyjna dla 7-latka Fajny Pomys³ na Prezent na Urodziny dla Ch³opca i Dziewczynki 42165,89.99 z³, Dostêpny ,385,4.8,
flintronic Adapter do wentyla rowerowego 15 szt. adapter do pompki rowerowej adapter wentyla rowerowego DV/SV/AV do sprê¿arki rowerowej do pompki kulowej do pompy powietrza,15.73 z³, Dostêpny ,363,4.6,
Samsung PRO Plus karta microSD + adapter SD 256 GB do mobilnych gier na smartfonach tabletach i konsolach przenoœnych UHS-I U3 Full HD i 4K UHD odczyt 180 MB/s zapis 130 MB/s MB-MD256SA/EU,84.91 z³, Dostêpny ,852,4.7,
Baseus £adowarka USB C 2 porty ³adowarka z USB-C i USB-A 20 W szybka ³adowarka USB zasilacz sieciowy do iPhone 15 14 13 12 11 Pro Max SE XS XR 8 Plus Samsung Galaxy ³adowarka do telefonu,59.00 z³ przy oszczêdnoœci rzêdu 34%, Dostêpny ,3,4,
LEGO Speed Champions Sportowy Ford Mustang Dark Horse Zabawka do Zbudowania dla 9-latka Fajna Wyœcigówka dla Fana Motoryzacji i Samochodów Sportowych Prezent dla Ch³opca i Dziewczynki 76920,89.90 z³, Dostêpny ,225,4.8,
LEGO Technic Mercedes-AMG F1 W14 E Performance Pull-Back Model Samochodu Wyœcigowego dla Dzieci Zabawka Konstrukcyjna dla 7-latka Fajny Pomys³ na Prezent na Urodziny dla Ch³opca i Dziewczynki 42165,89.99 z³, Dostêpny ,386,4.8,
flintronic Adapter do wentyla rowerowego 15 szt. adapter do pompki rowerowej adapter wentyla rowerowego DV/SV/AV do sprê¿arki rowerowej do pompki kulowej do pompy powietrza,15.73 z³, Dostêpny ,363,4.6,
Samsung PRO Plus karta microSD + adapter SD 256 GB do mobilnych gier na smartfonach tabletach i konsolach przenoœnych UHS-I U3 Full HD i 4K UHD odczyt 180 MB/s zapis 130 MB/s MB-MD256SA/EU,84.91 z³, Dostêpny ,852,4.7,
Baseus £adowarka USB C 2 porty ³adowarka z USB-C i USB-A 20 W szybka ³adowarka USB zasilacz sieciowy do iPhone 15 14 13 12 11 Pro Max SE XS XR 8 Plus Samsung Galaxy ³adowarka do telefonu,59.00 z³ przy oszczêdnoœci rzêdu 34%, Dostêpny ,3,4,
LEGO Speed Champions Sportowy Ford Mustang Dark Horse Zabawka do Zbudowania dla 9-latka Fajna Wyœcigówka dla Fana Motoryzacji i Samochodów Sportowych Prezent dla Ch³opca i Dziewczynki 76920,89.90 z³, Dostêpny ,225,4.8,
LEGO Technic Mercedes-AMG F1 W14 E Performance Pull-Back Model Samochodu Wyœcigowego dla Dzieci Zabawka Konstrukcyjna dla 7-latka Fajny Pomys³ na Prezent na Urodziny dla Ch³opca i Dziewczynki 42165,89.99 z³, Dostêpny ,386,4.8,
flintronic Adapter do wentyla rowerowego 15 szt. adapter do pompki rowerowej adapter wentyla rowerowego DV/SV/AV do sprê¿arki rowerowej do pompki kulowej do pompy powietrza,15.73 z³, Dostêpny ,363,4.6,
Samsung PRO Plus karta microSD + adapter SD 256 GB do mobilnych gier na smartfonach tabletach i konsolach przenoœnych UHS-I U3 Full HD i 4K UHD odczyt 180 MB/s zapis 130 MB/s MB-MD256SA/EU,84.91 z³, Dostêpny ,852,4.7,
Baseus £adowarka USB C 2 porty ³adowarka z USB-C i USB-A 20 W szybka ³adowarka USB zasilacz sieciowy do iPhone 15 14 13 12 11 Pro Max SE XS XR 8 Plus Samsung Galaxy ³adowarka do telefonu,59.00 z³ przy oszczêdnoœci rzêdu 34%, Dostêpny ,3,4,
LEGO Speed Champions Sportowy Ford Mustang Dark Horse Zabawka do Zbudowania dla 9-latka Fajna Wyœcigówka dla Fana Motoryzacji i Samochodów Sportowych Prezent dla Ch³opca i Dziewczynki 76920,89.90 z³, Dostêpny ,225,4.8,
LEGO Technic Mercedes-AMG F1 W14 E Performance Pull-Back Model Samochodu Wyœcigowego dla Dzieci Zabawka Konstrukcyjna dla 7-latka Fajny Pomys³ na Prezent na Urodziny dla Ch³opca i Dziewczynki 42165,89.99 z³, Dostêpny ,386,4.8,
flintronic Adapter do wentyla rowerowego 15 szt. adapter do pompki rowerowej adapter wentyla rowerowego DV/SV/AV do sprê¿arki rowerowej do pompki kulowej do pompy powietrza,15.73 z³, Dostêpny ,363,4.6,
Samsung PRO Plus karta microSD + adapter SD 256 GB do mobilnych gier na smartfonach tabletach i konsolach przenoœnych UHS-I U3 Full HD i 4K UHD odczyt 180 MB/s zapis 130 MB/s MB-MD256SA/EU,84.91 z³, Dostêpny ,852,4.7,
Baseus £adowarka USB C 2 porty ³adowarka z USB-C i USB-A 20 W szybka ³adowarka USB zasilacz sieciowy do iPhone 15 14 13 12 11 Pro Max SE XS XR 8 Plus Samsung Galaxy ³adowarka do telefonu,59.00 z³ przy oszczêdnoœci rzêdu 34%, Dostêpny ,3,4,
LEGO Speed Champions Sportowy Ford Mustang Dark Horse Zabawka do Zbudowania dla 9-latka Fajna Wyœcigówka dla Fana Motoryzacji i Samochodów Sportowych Prezent dla Ch³opca i Dziewczynki 76920,89.90 z³, Dostêpny ,225,4.8,
LEGO Technic Mercedes-AMG F1 W14 E Performance Pull-Back Model Samochodu Wyœcigowego dla Dzieci Zabawka Konstrukcyjna dla 7-latka Fajny Pomys³ na Prezent na Urodziny dla Ch³opca i Dziewczynki 42165,89.99 z³, Dostêpny ,386,4.8,
flintronic Adapter do wentyla rowerowego 15 szt. adapter do pompki rowerowej adapter wentyla rowerowego DV/SV/AV do sprê¿arki rowerowej do pompki kulowej do pompy powietrza,15.73 z³, Dostêpny ,363,4.6,
Samsung PRO Plus karta microSD + adapter SD 256 GB do mobilnych gier na smartfonach tabletach i konsolach przenoœnych UHS-I U3 Full HD i 4K UHD odczyt 180 MB/s zapis 130 MB/s MB-MD256SA/EU,84.91 z³, Dostêpny ,852,4.7,
Baseus £adowarka USB C 2 porty ³adowarka z USB-C i USB-A 20 W szybka ³adowarka USB zasilacz sieciowy do iPhone 15 14 13 12 11 Pro Max SE XS XR 8 Plus Samsung Galaxy ³adowarka do telefonu,59.00 z³ przy oszczêdnoœci rzêdu 34%, Dostêpny ,3,4,
LEGO Speed Champions Sportowy Ford Mustang Dark Horse Zabawka do Zbudowania dla 9-latka Fajna Wyœcigówka dla Fana Motoryzacji i Samochodów Sportowych Prezent dla Ch³opca i Dziewczynki 76920,89.90 z³, Dostêpny ,225,4.8,
LEGO Technic Mercedes-AMG F1 W14 E Performance Pull-Back Model Samochodu Wyœcigowego dla Dzieci Zabawka Konstrukcyjna dla 7-latka Fajny Pomys³ na Prezent na Urodziny dla Ch³opca i Dziewczynki 42165,89.99 z³, Dostêpny ,386,4.8,
flintronic Adapter do wentyla rowerowego 15 szt. adapter do pompki rowerowej adapter wentyla rowerowego DV/SV/AV do sprê¿arki rowerowej do pompki kulowej do pompy powietrza,15.73 z³, Dostêpny ,363,4.6,
Samsung PRO Plus karta microSD + adapter SD 256 GB do mobilnych gier na smartfonach tabletach i konsolach przenoœnych UHS-I U3 Full HD i 4K UHD odczyt 180 MB/s zapis 130 MB/s MB-MD256SA/EU,84.91 z³, Dostêpny ,852,4.7,
Baseus £adowarka USB C 2 porty ³adowarka z USB-C i USB-A 20 W szybka ³adowarka USB zasilacz sieciowy do iPhone 15 14 13 12 11 Pro Max SE XS XR 8 Plus Samsung Galaxy ³adowarka do telefonu,59.00 z³ przy oszczêdnoœci rzêdu 34%, Dostêpny ,3,4,
